Price,Close,High,Low,Open,Volume
Ticker,PETR4.SA,PETR4.SA,PETR4.SA,PETR4.SA,PETR4.SA
Date,,,,,
2022-01-03,11.611591339111328,11.663481924237878,11.38806143486466,11.392053135465018,52704700
2022-01-04,11.655501365661621,11.735333107906921,11.539744311598044,11.639534560409054,51739200
2022-01-05,11.204447746276855,11.683441190880513,11.152557157758688,11.651508345329542,78459800
2022-01-06,11.196463584899902,11.435960290952428,11.112640156517992,11.292262876392146,61163100
2022-01-07,11.248355865478516,11.29226381428102,11.104657677644214,11.22041472036387,47507600
2022-01-10,11.180499076843262,11.272305918993734,11.064742027866378,11.17251567456779,37455200
2022-01-11,11.511802673339844,11.603609515613577,11.116633396243246,11.21642364080317,73623800
2022-01-12,11.86306381225586,11.938904610101215,11.555710442472517,11.555710442472517,81378200
2022-01-13,12.102561950683594,12.2263016531575,11.775250037555644,11.78722514218443,76717500
2022-01-14,12.553611755371094,12.613485743568313,12.07062662639017,12.086593429290266,96458800
2022-01-17,12.573569297790527,12.697308972943054,12.47377906526838,12.533653052513857,35675900
2022-01-18,12.6294527053833,12.76516749456679,12.362014828032203,12.59751985859537,78198800
2022-01-19,12.569578170776367,12.856973779474183,12.549620427896732,12.733234098674455,77480200
2022-01-20,12.661384582519531,12.773149918387485,12.417896929910833,12.57356945091268,85353100
2022-01-21,12.681344985961914,12.725252177673887,12.585546438582366,12.601512482476034,61345400
2022-01-24,12.753191947937012,12.872939921743187,12.389955564540683,12.649410015346767,79117100
2022-01-25,13.168320655822754,13.264118432907818,12.605503005404703,12.653402655286342,98358500
2022-01-26,13.519582748413086,13.67924775872168,13.292061098464295,13.292061098464295,98679900
2022-01-27,13.523573875427246,13.826935537836626,13.24016843398739,13.671263005634561,90631000
2022-01-28,12.988697052001953,13.711177362142916,12.860965675976653,13.491639154766812,117400500
2022-01-31,12.912857055664062,13.172312300966539,12.801092468852309,12.972731811557955,62450300
2022-02-01,13.172310829162598,13.300042206297803,12.753192152770321,12.912855612850267,57315200
2022-02-02,12.980716705322266,13.367903386519192,12.916851002280568,13.335969773659109,36271700
2022-02-03,12.801093101501465,13.140379341192773,12.62147110896004,12.912857693836791,51087800
2022-02-04,13.02462387084961,13.264119862044877,12.725252359177146,12.936807963494768,59346800
2022-02-07,12.833026885986328,13.084497222144869,12.82504348318597,12.99269037395833,48868100
2022-02-08,12.705292701721191,12.75319234955553,12.477771087521004,12.733233845733274,62590000
2022-02-09,12.753191947937012,13.048570181813709,12.633443212791784,12.669367757201448,50960500
2022-02-10,12.94878101348877,13.132396212597227,12.749201294531135,12.892898722634197,49534600
2022-02-11,13.475672721862793,13.535547472189274,13.024621954068417,13.080504242278117,88013400
2022-02-14,13.172310829162598,13.547521559162497,13.100461739189278,13.515589476217759,55687000
2022-02-15,12.964749336242676,13.04458184224981,12.729244280994752,13.036598439381256,65689000
2022-02-16,13.144370079040527,13.451724190309259,13.080504388561192,13.104454593495257,65811600
2022-02-17,13.092479705810547,13.288069253992333,12.992689461829249,13.11243745007115,43255200
2022-02-18,13.172310829162598,13.208235374149256,12.880923529905527,13.000671505635017,60304700
2022-02-21,13.511597633361816,13.571472385309459,13.172311432800356,13.192269175890173,51263800
2022-02-22,13.467692375183105,13.842903154905462,13.256136016591764,13.659289466276118,80206700
2022-02-23,13.659287452697754,13.81096750911258,13.491639071031233,13.643320650124162,86530100
2022-02-24,13.327983856201172,14.086390269096237,13.044579947583467,13.890800733921173,139674100
2022-02-25,13.571473121643066,13.571473121643066,13.132396659131807,13.351934890387437,86189100
2022-03-02,13.838910102844238,14.086391000641074,13.727145518470351,14.074415136116542,58071800
2022-03-03,13.667271614074707,13.94269212173493,13.635338007151569,13.89878417355471,69237400
2022-03-04,13.663280487060547,13.842903236860657,13.4996245422823,13.603407252246067,55418000
2022-03-07,12.693317413330078,13.810967725461872,12.625460024007422,13.771052241080715,110954100
2022-03-08,12.956764221191406,13.160337160742198,12.577561771115555,12.773150547513666,111633500
2022-03-09,12.996681213378906,13.100462391464252,12.669368591499145,13.012646494307129,87779300
2022-03-10,13.451725006103516,13.810968965832199,12.980714939249193,13.01264702508633,136437700
2022-03-11,12.968742370605469,13.723156464132497,12.801093948333644,13.535550295148866,92153700
2022-03-14,12.721261024475098,13.12840465367897,12.581554526386114,12.944790964613972,52274100
2022-03-15,12.413905143737793,12.589536167081437,12.162433330100908,12.429871185129548,66272000
2022-03-16,12.306132316589355,12.589536992939811,12.12251864117453,12.573570189161595,72034900
2022-03-17,11.978821754455566,12.533655303286267,11.775249552192552,12.47378130528872,178319300
2022-03-18,12.218317985534668,12.302141426880514,11.918947247003809,12.010754090765209,93097100
2022-03-21,12.677353858947754,12.80907696272919,12.230293189585154,12.338066845771568,67700800
2022-03-22,12.621468544006348,12.813064840310538,12.5136949135799,12.769157657104193,56128600
2022-03-23,12.793109893798828,12.960758307535446,12.649412449843322,12.745210999593391,52956100
2022-03-24,12.940797805786133,13.012646901585615,12.64142784218683,12.793108674499752,49402800
2022-03-25,12.892898559570312,12.992688798456582,12.74121773145239,12.833025329845475,51780100
2022-03-28,12.613486289978027,12.805084126383745,12.36600616367932,12.797100724587862,68610500
2022-03-29,12.892898559570312,13.076512233678278,12.74121773145239,12.825041928013189,93809000
2022-03-30,13.168320655822754,13.168320655822754,12.924832228157712,12.972731116700244,69648400
2022-03-31,13.351932525634766,13.399831407701424,12.972729362801878,13.000670504230596,94269500
2022-04-01,13.17630386352539,13.487650477139137,13.136388372828474,13.391851167716823,72545400
2022-04-04,13.05256462097168,13.132397123161388,12.872941871714417,13.132397123161388,56053000
2022-04-05,12.928823471069336,13.196262110618973,12.928823471069336,13.036597114827108,45847200
2022-04-06,12.916849136352539,13.084496011614819,12.789117748720825,13.012646915737198,56947100
2022-04-07,13.58743953704834,13.59542293902449,12.97273128898886,13.02861358014368,118469400
2022-04-08,13.655295372009277,13.735127864428286,13.511597190190692,13.599413084119414,60772700
2022-04-11,13.551515579223633,13.611388812632947,13.48365742081245,13.531557834753862,48125400
2022-04-12,13.511597633361816,13.842901954829903,13.491639890272,13.731137375384376,68522800
2022-04-13,13.798994064331055,13.890800901072021,13.61138792860749,13.719161568958588,101438800
2022-04-14,13.654999732971191,14.004343807436236,13.606964610394009,13.799104267800768,119382100
2022-04-18,13.414824485778809,13.707400450291752,13.305654362197888,13.606964136493772,76350600
2022-04-19,13.820937156677246,13.973775492709137,13.589497033136483,13.606963819393368,88494100
2022-04-20,13.88644027709961,13.951943021771493,13.681200731446769,13.820938365329724,34694700
2022-04-22,13.344954490661621,13.668097927875271,13.240151281260049,13.558927813969232,74560900
2022-04-25,13.148451805114746,13.292556355250454,12.899544021507802,13.087315960913312,66413900
2022-04-26,13.126616477966309,13.353690553106071,13.052380754666848,13.148451004173214,48764100
2022-04-27,13.126616477966309,13.344956742623308,13.078582186115135,13.261988041743097,41881300
2022-04-28,13.213951110839844,13.371156346433915,13.209584206195352,13.29692063328137,43298500
2022-04-29,13.222685813903809,13.794737034568984,13.222685813903809,13.427925348656455,76243900
2022-05-02,13.091679573059082,13.244517895761348,12.807837449698788,13.174649091023486,72456200
2022-05-03,13.209585189819336,13.2707201935907,13.021812440633624,13.152817091017635,52531000
2022-05-04,14.00434398651123,14.04801137170126,13.275087492951148,13.362423929135176,109417000
2022-05-05,13.978143692016602,14.192117894768453,13.54583087976472,13.89080808163618,99439900
2022-05-06,14.436657905578613,14.462857669420355,13.930107760154808,14.275084921469643,129570200
2022-05-09,14.043644905090332,14.42792421402525,13.999977521126693,14.279452776423389,92314500
2022-05-10,14.165915489196777,14.344954436018483,14.061113097098408,14.130981913765318,60330600
2022-05-11,14.659363746643066,14.807835178159596,14.275084453458426,14.314385763736444,108895400
2022-05-12,14.77290153503418,14.882071655751355,14.523992127259481,14.523992127259481,114415900
2022-05-13,14.965042114257812,15.039277005522221,14.803470782949834,14.890805557189363,67000100
2022-05-16,15.11351203918457,15.231415971488348,14.851502745463772,14.956306796112866,92075300
2022-05-17,14.917006492614746,15.34495320220486,14.908272682320582,15.283818195949697,90914700
2022-05-18,14.672464370727539,15.091678923511362,14.598229484114073,14.925739864405347,80986200
2022-05-19,14.921368598937988,14.973771446774919,14.55455865890073,14.637527335937223,63983100
2022-05-20,15.209582328796387,15.209582328796387,14.95630684396958,15.104778277811945,79589900
2022-05-23,15.807832717895508,15.855867834211972,15.349318575808422,15.362418456329737,93807400
2022-05-24,15.377406120300293,15.61585312626162,14.944307663771687,15.182755597899916,154453100
2022-05-25,15.596390724182129,15.708314680890147,15.211955981699385,15.426072063177356,69991900
2022-05-26,15.635321617126465,15.844571316578163,15.547728633340443,15.5817923652201,78303600
2022-05-27,14.890780448913574,15.645052555097557,14.876181310593777,15.645052555097557,118295600
2022-05-30,14.593939781188965,15.022171948360365,14.170574922285146,15.007572808058919,98110100
2022-05-31,14.628003120422363,14.900514829719727,14.506346405682601,14.798322706691447,83598000
2022-06-01,14.608538627624512,14.759392695036462,14.525812023914654,14.550142995760519,46353200
2022-06-02,14.482015609741211,14.623136917904969,14.379823485472826,14.58420680584251,50738300
2022-06-03,14.73505973815918,14.812919951377523,14.370089640635591,14.45768168438101,60396900
2022-06-06,14.744791030883789,14.856715895448888,14.555006884107147,14.84211675794033,39213900
2022-06-07,14.919978141784668,15.23141900779355,14.67666473317348,14.69126387183027,80333700
2022-06-08,14.84698486328125,15.158425741004503,14.759391884379829,14.80318837383054,65923900
2022-06-09,14.632865905761719,14.919975756271082,14.589069424960844,14.846981930991905,53879000
2022-06-10,14.428484916687012,14.603670867556616,14.141375020836044,14.603670867556616,63101700
2022-06-13,14.243565559387207,14.394419595856967,13.951589316289658,14.121908868777137,64507100
2022-06-14,14.404153823852539,14.720461066085441,14.228967874482384,14.433351172691903,68816900
2022-06-15,14.151108741760254,14.608538240029208,14.034318409298043,14.598805480282259,72785700
2022-06-17,13.289776802062988,13.844531949899848,12.715557066112101,13.708276120434023,184606500
2022-06-20,13.440633773803711,13.747208275627752,12.608501391994958,12.662030641586076,92581800
2022-06-21,13.172986030578613,13.703409264610427,12.98806827317771,13.528223336844508,85179500
2022-06-22,13.134057998657227,13.40656876291351,12.8420817157277,12.934541073091571,57874700
2022-06-23,12.890745162963867,13.323842763049921,12.710693747988184,13.129192208413889,69262300
2022-06-24,12.793420791625977,13.182721914344862,12.739891539189472,13.022135085202436,53413400
2022-06-27,13.615817070007324,13.659613554423261,12.97346986946282,13.051330079942945,90417700
2022-06-28,13.786136627197266,14.029450016966486,13.635282585427088,13.907793322081876,51388000
2022-06-29,13.66447925567627,14.024582943323102,13.547688945750286,13.859129772219575,52048800
2022-06-30,13.591486930847168,13.654748007656142,13.333574387804784,13.455231090117177,49910100
2022-07-01,13.883463859558105,14.03918429738625,13.39197064755864,13.66448141375789,64948200
2022-07-04,14.180306434631348,14.248434826335073,13.88833106052167,13.88833106052167,37324200
2022-07-05,13.640151023864746,14.087847765755846,13.406569429015473,14.06351586620537,78428500
2022-07-06,13.464964866638184,13.859132352031653,13.095128352279144,13.703411909810383,57617200
2022-07-07,13.85913372039795,14.073249813676235,13.625553034003714,13.625553034003714,52147300
2022-07-08,14.014851570129395,14.097578163854593,13.805602824275747,13.8834630385857,43097800
2022-07-11,13.946725845336914,14.009987857418462,13.747208905388186,13.781272637354983,39577600
2022-07-12,13.737476348876953,13.834802094367221,13.610953251006443,13.771540081348418,46462000
2022-07-13,13.747208595275879,13.859132548689711,13.615819122224652,13.688812964530756,35497200
2022-07-14,13.37736988067627,13.625549646328714,13.255713187405478,13.625549646328714,47151000
2022-07-15,13.606088638305664,13.64988513664861,13.37737431331145,13.479566452167395,38610800
2022-07-18,13.917527198791504,13.961323686722634,13.771538596298738,13.815335084229869,46782300
2022-07-19,14.199772834777832,14.228970188365203,13.82020352547346,13.893197373525457,48562300
2022-07-20,14.194906234741211,14.219237207659509,14.029453020028845,14.146243360737493,43520800
2022-07-21,14.121907234191895,14.175435540711037,13.722873483685,14.102441720427274,58843200
2022-07-22,14.27276611328125,14.34089357832223,14.039185437568943,14.131644803101059,55676200
2022-07-25,14.939444541931152,14.963775512961831,14.409021205592312,14.409021205592312,79106600
2022-07-26,15.090296745300293,15.387139381774897,14.8859134580528,15.182756094527404,78360100
2022-07-27,15.255749702453613,15.31414439614165,14.900512376656136,15.231417806611162,56097200
2022-07-28,15.713180541992188,15.878633735873931,15.294681177683424,15.372541395019892,114996500
2022-07-29,16.618305206298828,16.866484046218243,15.975958008036278,16.350658993411233,181480600
2022-08-01,16.389591217041016,16.618306413271306,16.16574332848974,16.545311648757902,81365100
2022-08-02,16.46258544921875,16.788624512478783,16.292264956306298,16.433387173090754,69147100
2022-08-03,16.47231674194336,16.623171721012,16.33119637814865,16.55017695712918,65544500
2022-08-04,16.64750099182129,16.739961264151276,16.34092746999151,16.584240849666188,54387500
2022-08-05,16.968677520751953,17.061137809112623,16.60370738796176,16.618307455580545,77882600
2022-08-08,17.82514190673828,17.89326936823356,17.095201637001807,17.10006708867971,109484600
2022-08-09,18.117116928100586,18.229040877908265,17.932198210171606,18.01005842987843,79051200
2022-08-10,18.0587215423584,18.321500470025857,17.81540813296275,18.321500470025857,78369600
2022-08-11,17.64022445678711,18.423694033122718,17.64022445678711,18.224177085933803,128896500
2022-08-12,18.95018196105957,19.021895546824584,17.378470699851572,17.390423154120537,171288300
2022-08-15,18.956157684326172,19.260938420990826,18.256955086059904,18.45416601686071,96759000
2022-08-16,19.129465103149414,19.165322467619795,18.824685484092974,18.956159067604553,64218800
2022-08-17,19.577669143676758,19.6135265030981,18.884443959260864,18.914323952263313,72924700
2022-08-18,19.972097396850586,20.115524600931064,19.64341280880133,19.780862644541997,84552500
2022-08-19,18.96213722229004,19.810743363425107,18.723093800769078,19.673291258833782,125178200
2022-08-22,19.36850929260254,19.470104016929728,18.215123639362318,18.96811118199348,92400300
2022-08-23,19.98404884338379,20.01990621251538,19.494009530408505,19.499986898446082,73215800
2022-08-24,20.10356903076172,20.390421114803416,19.87050185495895,20.043809034806344,61067900
2022-08-25,19.888425827026367,20.533844610014604,19.523883989934564,20.378465000911223,99511600
2022-08-26,20.10356903076172,20.12149657360879,19.464127499308784,19.888429397806018,63545400
2022-08-29,20.605560302734375,20.964127109815706,19.990023694836616,20.049783689501336,73339500
2022-08-30,19.380462646484375,20.450183446795744,19.28484528487372,20.31870871969445,99361100
2022-08-31,19.858549118041992,19.984046475586144,19.015920420720597,19.165322688186787,114235400
2022-09-01,20.229063034057617,20.28882529979607,19.57766915554119,19.93623591087989,69184700
2022-09-02,19.972097396850586,20.659348855252002,19.87648002069629,20.58165902472099,81792300
2022-09-05,19.924287796020508,20.384447083763042,19.810742885940336,20.229067438708245,76337600
2022-09-06,19.183250427246094,19.476079877545835,18.830662121075765,19.284845155606387,111813500
2022-09-08,19.003969192504883,19.58962584521396,18.764925777098007,19.308751114440913,63159800
2022-09-09,18.99799346923828,19.523887825699795,18.944208560089063,19.416320287099115,49871900
2022-09-12,18.81273078918457,19.55974202896968,18.800778335784322,19.21312999915203,71374500
2022-09-13,18.31671714782715,18.788828844281806,18.239028472889053,18.490024319391154,88327800
2022-09-14,18.597593307495117,18.78285178556909,18.304763882997584,18.376477467330375,49039700
2022-09-15,18.561737060546875,18.66333064621004,18.406358568365043,18.478072157006203,45553200
2022-09-16,18.3944091796875,18.49600277598932,18.131460846932963,18.44221786383842,107303600
2022-09-19,18.68723487854004,18.75297109757614,17.85655754121335,18.22707564604343,65559900
2022-09-20,18.57966423034668,18.884444962528043,18.430261977699857,18.776875158246533,67798200
2022-09-21,18.627473831176758,18.806756087321773,18.460142889552298,18.73504364080328,58812200
2022-09-22,19.08763313293457,19.171299173965647,18.543808995552123,18.8127323807161,69764300
2022-09-23,17.89241600036621,18.758948474030458,17.790822412160182,18.71711602121307,138630800
2022-09-26,17.50396728515625,17.97607777891644,17.49201483218798,17.760938184882168,42934600
2022-09-27,17.731060028076172,17.856557377690294,17.677275123999042,17.725083800973295,71087600
2022-09-28,17.492013931274414,17.82069839203265,17.07966344389609,17.731057279084823,104670700
2022-09-29,17.515920639038086,17.56970554381308,17.091618767867345,17.32468592865979,87536500
2022-09-30,17.80875015258789,18.22110073751349,17.33066334386898,17.462136931304464,121637100
2022-10-03,19.231061935424805,19.50596158737756,18.920304915074684,19.069707197183515,179694100
2022-10-04,18.74699592590332,19.70914569697241,18.56771253152829,19.661338159624265,115917200
2022-10-05,19.452177047729492,19.613531789065615,18.64540562074682,18.770902992997822,92893700
2022-10-06,20.115520477294922,20.1932102918997,19.386436708767654,19.72109859655179,82671900
2022-10-07,20.097591400146484,20.509940791339545,19.85257180021482,20.067711405949435,73500100
2022-10-10,19.870500564575195,20.252969985126686,19.72109830469117,20.10954509226866,52222600
2022-10-11,19.721097946166992,19.918310019883474,19.488030789736623,19.655360588261498,58332400
2022-10-13,20.28285026550293,20.611537065613597,19.368509151698063,19.422294057198208,91143900
2022-10-14,19.972097396850586,20.402376729393946,19.900384934659385,20.300784264597915,62246100
2022-10-17,19.954164505004883,20.40834862982399,19.625480005018467,19.864524521207205,100936400
2022-10-18,20.444202423095703,20.45615487612166,19.816713457265678,20.25894510043671,82313200
2022-10-19,21.167312622070312,21.25097980862244,20.330661273828667,20.396398637699328,113700900
2022-10-20,21.794801712036133,21.842609248244177,21.37647494165262,21.573684733019242,114347400
2022-10-21,22.541812896728516,22.942209844680537,21.74699180824229,21.782849170026534,139601400
2022-10-24,20.468107223510742,22.0039620941108,20.456154770546476,21.81272740607714,142110900
2022-10-25,20.037830352783203,20.617511850249972,19.84659564263495,20.342612239374056,113161200
2022-10-26,19.547794342041016,20.037833652453873,19.063731259785502,19.482056972159153,121334800
2022-10-27,19.697195053100586,20.0438094194469,19.523887869927428,19.607555057447332,111008800
2022-10-28,19.464128494262695,19.79281304821417,19.039826574076287,19.541818316734155,129745400
2022-10-31,17.81472396850586,18.88444462549294,17.426278346526548,18.292811852352383,262409400
2022-11-01,17.844606399536133,18.32866940550156,17.665323002618305,18.268908273195617,115944200
2022-11-03,17.898391723632812,18.161338888176555,17.593610967601418,17.808749453150952,139062100
2022-11-04,16.912334442138672,18.46611808830641,16.840621999614047,18.406356959636742,195361000
2022-11-07,16.225086212158203,16.912336422720557,16.1772775315934,16.70914924535793,117206600
2022-11-08,16.344608306884766,16.452178121955452,15.986042636598764,16.171301129304474,94745400
2022-11-09,16.075685501098633,16.703175776663098,15.920306989240258,16.225087784826034,103303500
2022-11-10,15.609551429748535,16.069709606906088,15.304770627829228,15.58564651672789,145470100
2022-11-11,16.12946891784668,16.35058477878042,15.358553798064536,15.41831379413146,146365800
2022-11-14,16.55377197265625,16.840624057504943,16.189230069088833,16.290823658287184,66639500
2022-11-16,16.225086212158203,16.798791518784686,16.09361262556721,16.619508111780036,85549900
2022-11-17,16.231060028076172,16.314724921671313,15.86651818052816,16.135442681153528,101525800
2022-11-18,15.95616340637207,16.49401136774271,15.669310172438683,16.374489091949727,127683500
2022-11-21,16.00397300720215,16.47608362999662,15.567717473414872,16.207160203801987,164898100
2022-11-22,14.916234970092773,14.980171069191758,14.257695222488664,14.70524669670189,164261300
2022-11-23,14.986562728881836,15.120827420893447,14.57737248291421,14.705244663431497,77317300
2022-11-24,15.50444507598877,15.747400792154856,14.86508651615418,15.037713619984642,94233800
2022-11-25,15.255095481872559,15.555593563105914,15.088862111569108,15.510838659462612,58635900
2022-11-28,15.574773788452148,15.696251028064841,15.050500002183853,15.120828609464994,56067400
2022-11-29,16.226919174194336,16.546598443515954,15.651496733311347,15.728220294519575,96151500
2022-11-30,17.045297622680664,17.045297622680664,16.303641855442432,16.367577949751848,120774700
2022-12-01,16.361183166503906,17.12841380993207,16.34200197360038,16.99414789856637,71259400
2022-12-02,16.565780639648438,16.91103485672744,16.18216524938723,16.425122191660535,66301000
2022-12-05,16.380367279052734,16.994150927612797,16.335611154300487,16.62332300173783,56065400
2022-12-06,16.393152236938477,16.87267113203906,16.252493800054967,16.508236966879355,74991200
2022-12-07,16.207738876342773,16.66807657600316,16.156590243047177,16.201345144745872,57008400
2022-12-08,15.843304634094238,16.489056888463768,15.753793611655556,16.335609769848773,55567700
2022-12-09,15.79854965209961,16.015931663083034,15.657891205954915,15.977570490403515,61586200
2022-12-12,15.287063598632812,15.76658253515073,14.788363465641481,15.715433897368007,111293100
2022-12-13,14.909842491149902,15.472478747125235,14.903448758754754,15.408542642653526,102533100
2022-12-14,13.72702693939209,14.44950274747986,13.279476708579459,14.385566651798172,319501600
2022-12-15,14.091463088989258,14.302451362632977,13.31783860597584,13.426529608730464,132385600
2022-12-16,14.097853660583496,14.136216046495468,13.752600723732213,14.040311301195034,90767300
2022-12-19,14.308841705322266,14.3919589874911,13.835716594331787,14.129822118151502,63074100
2022-12-20,14.750001907348633,14.85869291223615,14.200153150920066,14.315237887798574,71875500
2022-12-21,15.069681167602539,15.165584708365401,14.60934344025299,15.02492626321185,74252800
2022-12-22,15.338210105895996,15.702644251911956,15.152796776992943,15.280667743948262,81894800
2022-12-23,16.060688018798828,16.124622901026477,15.427721953323664,15.427721953323664,68387900
2022-12-26,15.945603370666504,16.175771630855596,15.868879804283663,16.06068811050091,28765200
2022-12-27,16.05429458618164,16.182165572502146,15.696252897732856,16.143804398553968,50803200
2022-12-28,15.856093406677246,16.18856018423643,15.824125963230316,16.04790172579822,57293500
2022-12-29,15.664283752441406,16.015930450928863,15.619528851122595,15.977569281152682,57901800
2023-01-02,14.654098510742188,15.223127249267282,14.577374945574455,15.050501361729356,78424700
2023-01-03,14.283270835876465,14.76918350509325,14.14900489937249,14.666886229413898,96750300
2023-01-04,14.737215042114258,15.082469266776865,13.957197999717613,14.040314080018016,129504000
2023-01-05,15.2678804397583,15.370178921654903,14.801149027545607,14.922627483970677,73886000
2023-01-06,15.178370475769043,15.549198352888,15.056892020658482,15.306242662146428,51851500
2023-01-09,15.261490821838379,15.344606906008147,14.865087940195393,15.02492759546631,46385200
2023-01-10,15.40215015411377,15.414937619936762,14.941812359804814,15.312640332312549,52741100
2023-01-11,15.523624420166016,15.741006402139211,15.376571042139775,15.440507134392984,53536500
2023-01-12,15.74740219116211,15.760189656169969,15.414936637316268,15.53002138342743,58130000
2023-01-13,15.709041595458984,15.766583970638527,15.504447025700532,15.625925508799549,40002700
2023-01-16,15.370180130004883,15.664284477705445,15.235914200352273,15.606742110637134,31973700
2023-01-17,16.31643295288086,16.380369061432805,15.414937358789949,15.414937358789949,91797500
2023-01-18,16.028718948364258,16.642503801789335,15.983964044157368,16.52102533359943,69692900
2023-01-19,16.552993774414062,16.59135616846416,15.849700289545474,15.983965010281558,75553300
2023-01-20,16.85988426208496,17.00693642511211,16.252493196392557,16.552991253814934,114219500
2023-01-23,17.128416061401367,17.64629614307515,16.70643829841276,16.795949324248962,87678100
2023-01-24,17.006938934326172,17.601542625010605,16.859886749602854,17.563180231142113,65794000
2023-01-25,17.224319458007812,17.313829263628726,16.629715819001138,16.974968797452977,51832900
2023-01-26,16.78316307067871,17.390554221980885,16.495451215960895,17.320224386498808,73344800
2023-01-27,16.380367279052734,16.770375181770383,16.265282540077795,16.73840774071277,47681900
2023-01-30,16.463481903076172,16.668076434521936,16.31003600449185,16.527417999022873,40683200
2023-01-31,16.66807746887207,16.75758727706429,16.31643074856291,16.386759360936935,54048900
2023-02-01,16.437904357910156,16.93021063293879,16.271672242205373,16.66807377885433,56349200
2023-02-02,15.677071571350098,16.501843447395682,15.613135473952235,16.310036374681722,83823000
2023-02-03,15.849699020385742,16.226919442501206,15.613135820605208,15.689859383082036,71170700
2023-02-06,16.482664108276367,16.54020647620843,15.824124352764786,15.900847916500762,82794500
2023-02-07,16.380367279052734,16.712832812282915,16.278068784813016,16.565780632250362,55311800
2023-02-08,16.655292510986328,16.719228620520603,16.342006915696217,16.495452846890565,48713100
2023-02-09,16.578569412231445,16.827918886813748,16.489059594582375,16.655291764650705,38198300
2023-02-10,17.083660125732422,17.128416248880225,16.578567502146704,16.61053494205833,54683100
2023-02-13,17.134809494018555,17.19235186390391,16.859886328374856,17.06448087930957,36726900
2023-02-14,17.07087516784668,17.301043435410172,17.006939063725802,17.166778714288114,35839000
2023-02-15,17.096446990966797,17.134808161413712,16.81512889557032,16.994149723455283,72554100
2023-02-16,17.166776657104492,17.230712753563576,16.93660719764364,17.00693702569659,44115700
2023-02-17,16.904640197753906,17.051692369789418,16.85988529491524,17.051692369789418,61085700
2023-02-22,16.469877243041992,16.693652990969248,16.425122337352487,16.62332315661161,38608500
2023-02-23,16.974966049194336,17.12841314752934,16.47626724778362,16.47626724778362,73913400
2023-02-24,16.55938720703125,17.070874809790197,16.54020722983311,17.051693613112327,64409100
2023-02-27,16.719226837158203,17.0964485017461,16.50184481961671,16.52102601627498,76250600
2023-02-28,16.137409210205078,17.211531739671724,16.137409210205078,16.757586547573013,130248100
2023-03-01,16.175771713256836,16.2588890122183,15.466084513128973,16.18216544544462,109257700
2023-03-02,15.753792762756348,16.412332444771398,15.581166897705797,16.252492822683433,124516200
2023-03-03,16.431516647338867,16.457090357426583,15.632318390551564,15.875274124043809,87591800
2023-03-06,16.597747802734375,16.70004629530644,16.22052737038104,16.43151564856903,50227400
2023-03-07,16.047901153564453,16.482665198026815,15.939210142448863,16.44430280388266,59052500
2023-03-08,16.252492904663086,16.572172150451518,16.067078356755616,16.079865819262242,66220400
2023-03-09,16.18216323852539,16.770373105304625,16.162983264057523,16.207738163788623,68042300
2023-03-10,15.971175193786621,16.354790541440625,15.94560148766546,16.08625992003078,48118600
2023-03-13,15.466084480285645,15.89445478011969,15.408542110197509,15.696252741158462,58605500
2023-03-14,15.19115924835205,15.811336600962022,15.08886197822009,15.52362598602075,58916700
2023-03-15,14.922629356384277,15.012139167360521,14.577375137796396,14.916235624246015,93708800
2023-03-16,14.871478080749512,15.037711428417536,14.686063540069194,14.960987875847872,66821000
2023-03-17,15.031318664550781,15.031318664550783,14.615735878381253,14.769181773914022,93502700
2023-03-20,14.660490989685059,15.120828682904815,14.634916063655275,15.03131888075976,57575200
2023-03-21,14.960989952087402,15.088862150956048,14.756395409481298,14.83311897269842,43391200
2023-03-22,14.916234970092773,15.10164953553186,14.730821624133347,14.9545961417603,46435600
2023-03-23,14.577376365661621,15.1336189137461,14.443111637888018,14.941811811361005,74711200
2023-03-24,14.570982933044434,14.788363732940363,14.37278089100914,14.519833074857463,52556800
2023-03-27,14.820330619812012,14.935415347993679,14.5965548949565,14.775575718736826,39148700
2023-03-28,15.082468032836914,15.114435471995629,14.801149934217607,14.84590483683166,29091100
2023-03-29,15.280667304992676,15.37017832071759,15.00574296569093,15.159188853317122,49148600
2023-03-30,15.325425148010254,15.523627191324662,15.140011788804859,15.504445994380761,56116900
2023-03-31,14.992958068847656,15.485263211868855,14.839510947967703,15.344604773788458,59547800
2023-04-03,15.657890319824219,15.664284051488911,15.21673259079738,15.40214715063461,73931200
2023-04-04,15.517233848571777,15.83051942297542,15.408542835453796,15.74740212027826,57505700
2023-04-05,15.568379402160645,15.683464124936002,14.877872284988044,15.466082141800227,93626400
2023-04-06,15.3446044921875,15.613135119579965,15.31263705395395,15.561986486718524,29565400
2023-04-10,15.670677185058594,15.766580717409441,15.36378539374405,15.36378539374405,41455900
2023-04-11,16.405941009521484,16.431515937984884,15.74740123534541,15.792157360156363,80565000
2023-04-12,16.527420043945312,16.71922713603793,16.09904973342403,16.61053612532418,71563400
2023-04-13,16.642505645751953,16.68086682225398,16.49545223344787,16.527420896766067,38852800
2023-04-14,16.815126419067383,16.879062506715584,16.444298574083124,16.4954472003058,38421100
2023-04-17,17.077266693115234,17.13480906154826,16.75758741047829,16.776768606449195,49427100
2023-04-18,17.51203155517578,17.659084959068526,16.95579025953365,17.077267514754958,99478800
2023-04-19,16.94939613342285,17.46088251057507,16.91103496000636,17.364978967293993,73217800
2023-04-20,17.064481735229492,17.249895099009144,16.80873853373354,16.95579072215874,54738400
2023-04-24,17.39055061340332,17.42891177957909,16.94299920326123,17.00693529320717,43820900
2023-04-25,17.32022476196289,17.58236169328623,17.083661540791216,17.36497966933813,53854100
2023-04-26,17.102840423583984,17.40333848921,17.102840423583984,17.3394036127429,40249400
2023-04-27,16.687257766723633,17.377764925785595,16.56577930537136,17.16677666105776,115632700
2023-04-28,17.069089889526367,17.321163949596105,16.672970958258524,16.997068140777614,81138500
2023-05-02,16.377685546875,17.09790039787408,16.30566378703493,17.069092518158538,67911100
2023-05-03,16.320066452026367,16.55773726933935,16.147215073407896,16.276853950796912,51133700
2023-05-04,16.579341888427734,16.838618233249143,16.28405398620026,16.485713212872415,57854400
2023-05-05,17.285152435302734,17.407588986667484,16.694576613555306,16.78100160645954,83365200
2023-05-08,17.652463912963867,17.738888914796135,17.436398660981922,17.609251412047733,59352300
2023-05-09,17.710081100463867,17.861325541047673,17.458005659123547,17.580442223563093,33978200
2023-05-10,17.666868209838867,17.875729771806395,17.522824711191834,17.710080709952734,41500700
2023-05-11,18.315061569213867,18.35107175773877,17.23473942905922,17.378781556859458,136878100
2023-05-12,18.905635833740234,19.25854087112599,18.351070186262397,18.42309193084532,117237500
2023-05-15,18.480709075927734,18.833614113774775,18.293453089247578,18.768794680935468,81996700
2023-05-16,18.941646575927734,19.46740436524616,18.78319983214854,18.80480676826866,117782700
2023-05-17,18.480709075927734,19.272945519974392,18.372677145762403,19.1577112779713,107129200
2023-05-18,18.588741302490234,18.61755055030063,18.25744319487393,18.43029456063468,63010500
2023-05-19,18.559932708740234,18.855220618844633,18.46630403068733,18.783198875811745,69245500
2023-05-22,18.451902389526367,18.732785700769192,18.365476015612863,18.63915701455451,38010200
2023-05-23,18.905635833740234,19.035274699249392,18.379879433575773,18.47350673994321,58285300
2023-05-24,19.193723678588867,19.37377737421109,18.761594534355392,18.905638040333447,54796400
2023-05-25,19.0496826171875,19.330565958563778,18.862426598369726,19.301756706268385,49182700
2023-05-26,19.301753997802734,19.380978056797407,19.107297066898507,19.308956309865938,39866600
2023-05-29,19.222530364990234,19.31615766979566,19.12890168648431,19.265742861538854,17977100
2023-05-30,19.006465911865234,19.301753835470297,18.91283860323215,19.24413671314981,45736700
2023-05-31,18.81201171875,18.984863110852203,18.63195801359761,18.920043667101282,49207600
2023-06-01,19.416988372802734,19.445797621247525,18.84081714091267,18.941646763068288,63148200
2023-06-02,19.5754337310791,19.877923928585634,19.525018927111407,19.755487387363935,39919300
2023-06-05,19.784297943115234,19.84911737807092,19.611446574466935,19.834714127625652,39321700
2023-06-06,20.202024459838867,20.34606796838738,19.597043921856248,19.769896681594744,75426600
2023-06-07,20.7926025390625,20.929442366332573,20.475707632388218,20.63415439887498,82330400
2023-06-09,21.808103561401367,21.887326251371967,20.900632793378456,20.95824991958464,80442400
2023-06-12,22.189817428588867,22.319456311359897,21.635253080969356,21.764890590039684,119350400
2023-06-13,22.146516799926758,22.43811962805896,21.93932450791737,22.43811962805896,79174900
2023-06-14,23.098066329956055,23.098066329956055,22.161864709979458,22.20790842036484,98326000
2023-06-15,22.553226470947266,23.673598492048797,22.468815932946054,23.174803360807456,120579500
2023-06-16,22.745071411132812,22.959937664306302,22.284646025792856,22.43044671477743,94572000
2023-06-19,23.3436279296875,23.374322274267993,22.67600873709562,22.7373988899133,34573900
2023-06-20,23.45873260498047,23.596860804852465,22.944589563043923,23.251540305172476,55605300
2023-06-21,24.440977096557617,24.55608344497461,23.673599488902163,23.734989638968333,89294300
2023-06-22,24.134023666381836,24.318194096130043,23.850093339068057,24.1416961535886,43455800
2023-06-23,23.14410972595215,24.0035733349548,22.93691740989927,23.942183181715805,76023400
2023-06-26,23.665924072265625,23.82707265734299,23.113412755870545,23.113412755870545,53635000
2023-06-27,23.48175621032715,23.942183089678014,23.282237847153215,23.734990774421618,48399600
2023-06-28,23.704294204711914,23.926834416985265,23.44338569691534,23.46640755242327,36794600
2023-06-29,23.811729431152344,23.880793537976796,23.60453711067899,23.78870757432528,32071800
2023-06-30,22.660659790039062,23.850094418184312,22.499509741932727,23.788704272157265,104262900
2023-07-03,23.082719802856445,23.159457861084473,22.80646337869823,22.80646337869823,31266900
2023-07-04,23.136436462402344,23.320606927600416,22.99063429524925,22.99063429524925,18308000
2023-07-05,23.105737686157227,23.443382742448325,22.760417215340794,23.144105976845065,53585500
2023-07-06,22.752742767333984,23.021325187249854,22.369054014213155,22.90621885404489,47685700
2023-07-07,22.637638092041016,23.174802971213083,22.53020570166922,22.83715643391474,55533500
2023-07-10,22.676006317138672,22.768092268366235,22.261623195755988,22.338361244502867,25590200
2023-07-11,22.369056701660156,22.660661008713305,22.25395035462617,22.660661008713305,40877000
2023-07-12,22.3844051361084,22.844831998827296,22.36138328069263,22.407426991524172,40181800
2023-07-13,22.737396240234375,22.80646033706304,22.284644830750338,22.307665220588873,35886500
2023-07-14,22.29231834411621,22.699028992639356,22.146517656240867,22.637638844150636,34451100
2023-07-17,22.24627685546875,22.32301490960438,21.44820489796545,21.801197897870058,52160800
2023-07-18,22.123497009277344,22.40742737632113,22.031411049689538,22.253951264893676,35640400
2023-07-19,22.330690383911133,22.353710777161726,21.923979693822016,22.108150158110462,46517700
2023-07-20,22.353710174560547,22.522534193349763,22.161865763141307,22.307667925643806,33177100
2023-07-21,22.775766372680664,22.913894568622087,22.353707833564474,22.36905573614831,52059200
2023-07-24,23.251541137695312,23.335953143674264,22.8371579868989,22.867852330382473,45268100
2023-07-25,23.788705825805664,23.827074120707216,23.174804325441073,23.405017022163637,56261000
2023-07-26,23.788705825805664,23.95752837249177,23.50477546710165,23.750337530904115,45880200
2023-07-27,22.553226470947266,23.704292833961084,22.545552519555052,23.673598492048797,86471900
2023-07-28,22.837156295776367,22.98295844158226,22.499509760520397,22.583921760248522,43608600
2023-07-31,23.873117446899414,23.90381178959551,23.251540541166666,23.251540541166666,91290800
2023-08-01,23.48175621032715,23.857771080427625,22.98296103422067,23.857771080427625,75752400
2023-08-02,23.42803955078125,23.46640784678577,22.86785276898124,23.412691646916777,62068400
2023-08-03,23.727317810058594,23.888466419528495,23.497105092628228,23.734991762460506,57304400
2023-08-04,23.021326065063477,23.89613598716581,22.821807730194145,23.558490925377555,120685800
2023-08-07,23.167131423950195,23.405018083168358,22.913896860613,22.913896860613,44984900
2023-08-08,23.190149307250977,23.320603550833916,22.806460527731332,22.952262673772626,34771300
2023-08-09,23.37432098388672,23.573839335443928,23.144108289443505,23.18247658396517,48561500
2023-08-10,23.50477409362793,23.681272045368853,23.11341282479963,23.25153955656792,54020200
2023-08-11,23.451059341430664,23.819401706447213,23.144108590297403,23.489429100107717,39403200
2023-08-14,23.512447357177734,23.589185403908864,23.228518487026005,23.389667067870526,27992700
2023-08-15,23.681272506713867,24.671190284105815,23.67359855530115,24.594450769978643,87366200
2023-08-16,24.203088760375977,24.5407338303683,23.69661822807444,23.788704178581046,74461000
2023-08-17,24.126354217529297,24.70188600310217,24.02659430134839,24.36424088405365,57570600
2023-08-18,24.187740325927734,24.310520614797905,23.926831846164493,24.103328328458304,45579700
2023-08-21,24.018918991088867,24.57910430405672,23.7656844342913,24.32587121091581,42236900
2023-08-22,24.384811401367188,24.384811401367188,24.090058036350825,24.297181735115203,31372200
2023-08-23,25.683319091796875,25.683319091796875,24.767194569231222,24.854824241342516,95507400
2023-08-24,25.64348602294922,26.06570145292872,25.364667092782167,25.70721780064364,49332300
2023-08-25,25.46822738647461,25.866543387210545,25.33280040205914,25.794846659022994,34079000
2023-08-28,25.755014419555664,25.762979371633445,25.38059785503848,25.571787093886883,24956100
2023-08-29,25.810781478881836,25.89044316536971,25.484162182594613,25.810781478881836,40607500
2023-08-30,25.986038208007812,26.04976998932512,25.73111716053577,25.818746840397772,34637900
2023-08-31,25.444332122802734,26.121467114944114,25.396533286099118,26.057735332672625,48971500
2023-09-01,25.994007110595703,26.0418029093592,25.460264059513282,25.659421324757723,50089200
2023-09-04,25.7231502532959,26.06570095460854,25.65941847681989,26.033835066370536,21667400
2023-09-05,26.583507537841797,26.67910520102533,25.667386057403643,25.70721689761429,75082900
2023-09-06,26.703004837036133,26.92605998786615,26.46401674130419,26.567576324818972,57856500
2023-09-08,26.607410430908203,26.822497591651867,26.495879815654128,26.671139172154852,39074100
2023-09-11,26.583507537841797,26.83842856186792,26.551644689012267,26.66317225716141,30276200
2023-09-12,26.710969924926758,26.910127178858865,26.6791070738605,26.726902869909146,31963000
2023-09-13,26.31265640258789,26.84639944334421,26.31265640258789,26.806568598845654,47685700
2023-09-14,26.981821060180664,27.08538367217164,26.368416418231345,26.368416418231345,46502100
2023-09-15,26.99775505065918,27.07741977024156,26.774699913625167,26.981822106742705,54801500
2023-09-18,27.188947677612305,27.650990901355215,26.96588949890001,27.085385060313683,52363400
2023-09-19,27.252674102783203,27.579291832182225,27.141146542339357,27.252674102783203,43247200
2023-09-20,27.3164119720459,27.571333035369317,27.093353762463817,27.204884386704247,39102300
2023-09-21,26.894189834594727,27.316405210316898,26.790630267496976,27.085382104210165,60109400
2023-09-22,27.109283447265625,27.23674396359256,26.934027136627602,27.10131849451325,31020500
2023-09-25,27.284542083740234,27.348273859687325,27.029621057748543,27.045554001735315,26767200
2023-09-26,26.655208587646484,27.157085764590118,26.655208587646484,27.085389025026743,60687500
2023-09-27,27.499631881713867,27.499631881713867,26.910125118103426,26.973856893152465,53708700
2023-09-28,27.443872451782227,27.515569190637457,27.252680135202013,27.443872451782227,30765000
2023-09-29,27.59522819519043,27.635059037585986,27.284543370047228,27.483700620923486,40227600
2023-10-02,27.180980682373047,27.69879074894715,27.02962226607989,27.523531396156198,34403400
2023-10-03,27.061487197875977,27.268609393837277,26.790633225373746,27.061487197875977,37947300
2023-10-04,25.986038208007812,26.85436397561527,25.802813895068443,26.76673429575327,88895900
2023-10-05,26.073667526245117,26.240958891534937,25.72315185055713,25.89840816895185,35342000
2023-10-06,26.695035934448242,26.94199201365563,25.75501652849067,25.970103680082875,48132800
2023-10-09,27.84218406677246,27.945746687325517,27.165047595646723,27.204881476635293,77528400
2023-10-10,28.049304962158203,28.152867577886262,27.674891417276992,27.80235192936602,48326500
2023-10-11,27.977609634399414,28.081172255310573,27.475735552311402,27.993542579070244,41578500
2023-10-13,28.901695251464844,28.96542702154476,28.503380805159548,28.511348795868567,66943700
2023-10-16,29.22035026550293,29.31594488905762,28.646776446378226,28.997295130909233,49626600
2023-10-17,30.009016036987305,30.009016036987305,29.18052410191313,29.236287894497963,68814800
2023-10-18,30.6861515045166,30.757848240885277,30.20020729567319,30.26393907862254,85931700
2023-10-19,30.542755126953125,30.646317744946955,30.20816937608781,30.558688071175126,56016600
2023-10-20,30.152406692504883,30.957003691174297,29.785958078704205,30.821575179788006,66242400
2023-10-23,28.16083335876465,29.315945992931027,28.089136628674364,29.148654635686505,104499100
2023-10-24,28.583049774169922,28.830002822759166,28.01744086662691,28.399825466252626,78634900
2023-10-25,28.734407424926758,28.901698783483788,28.47948639124982,28.742375416609526,32846500
2023-10-26,28.439655303955078,28.622879605397085,28.00150997103738,28.55914782807896,47858600
2023-10-27,28.23253059387207,29.045092536464068,28.017440399753735,28.845935286972846,45843100
2023-10-30,27.945749282836914,28.455591402299145,27.770489914684745,28.344063818529126,31346900
2023-10-31,27.67489242553711,28.025408086827447,27.475735178211103,27.889979578418583,36965200
2023-11-01,27.977609634399414,28.312195394689894,27.80235332081723,27.897947949943738,46335300
2023-11-03,28.31219482421875,28.59101375309408,27.921845284894875,28.511352070243532,30959700
2023-11-06,28.288297653198242,28.782209877082447,28.28829765319824,28.471525018157784,33583600
2023-11-07,27.81828498840332,28.216599513705077,27.611162772361816,27.93778056155331,48919900
2023-11-08,27.220808029174805,27.722685086602496,27.01368585248136,27.56335869897011,59742900
2023-11-09,27.786418914794922,28.001509098191327,27.372171491834987,27.48369905976683,56231100
2023-11-10,27.658958435058594,27.929812402734566,27.49166404406879,27.611159603504607,40004800
2023-11-13,28.43168830871582,28.4794871433795,27.619126352824303,27.627094344717506,44120000
2023-11-14,28.822036743164062,28.869835575973543,28.27236384089783,28.43168720579931,50888600
2023-11-16,28.320161819458008,29.068995063413702,28.28033097516004,28.662712550438034,72361200
2023-11-17,29.24424934387207,29.411540701580137,28.53525003262497,28.543218024267304,87666300
2023-11-20,29.268150329589844,29.650531878813915,28.893733733123213,29.292048226760592,67796900
2023-11-21,28.965431213378906,29.10882467791235,28.606947552045305,29.10882467791235,49597800
2023-11-22,29.10719871520996,29.10719871520996,28.353855526803073,28.891959157663575,58578300
2023-11-23,29.115476608276367,29.181706109611646,28.817453326256917,29.082365015605163,24068100
2023-11-24,29.19826316833496,29.653579932090274,28.734666138004307,28.958185965592495,53456200
2023-11-27,29.032690048217773,29.305881977494266,28.76777838479603,28.974740819219026,36996000
2023-11-28,29.471454620361328,29.48801199700832,29.09892469879233,29.115478917442637,36875900
2023-11-29,29.16514778137207,29.827426983104203,28.925070583870315,29.71980878394521,37528600
2023-11-30,29.728084564208984,29.73636167223745,29.173426744412115,29.35555154300412,58808800
2023-12-01,29.52939796447754,29.80258988761882,29.413499509082833,29.570792976829413,36388100
2023-12-04,28.900236129760742,29.430059491679597,28.85056400533222,29.33899550922548,35601900
2023-12-05,28.767780303955078,29.115475701143055,28.709831071090417,28.908513252913163,43234200
2023-12-06,27.73296546936035,28.809169467915424,27.73296546936035,28.6022070390396,64179200
2023-12-07,27.66674041748047,28.29590807073778,27.352159748848365,27.857148661647994,64723900
2023-12-08,28.552541732788086,28.593933592263408,27.716411644602843,27.9068167245865,53290700
2023-12-11,28.444921493530273,28.718110303238255,28.34558039527251,28.527705215745645,30613300
2023-12-12,28.21312141418457,28.643600511531112,27.98132133331002,28.602208655016586,30371500
2023-12-13,28.6187686920166,28.660160552382376,28.26279300847719,28.32074224458858,38992900
2023-12-14,29.239654541015625,29.587353097481067,28.842287017909655,28.97474285894498,57950000
2023-12-15,29.305883407592773,29.628744315768557,28.974742233158164,29.20653916046462,56570100
2023-12-18,29.67013931274414,30.050949493043568,29.454899737182565,29.59563269851194,44474300
2023-12-19,30.009557723999023,30.009557723999023,29.64530491884858,29.76948050428784,32183000
2023-12-20,30.117177963256836,30.41520440994492,30.042671351584815,30.108897696406327,38947900
2023-12-21,30.12545394897461,30.36553115074463,29.86054226357197,30.357250884202827,30511900
2023-12-22,30.415203094482422,30.46487206145124,30.108896394191646,30.216517752618035,31234700
2023-12-26,30.90363311767578,30.936744708064058,30.48970823685824,30.514542719148505,23466800
2023-12-27,30.928468704223633,30.986417936967385,30.738063631208963,30.89535395465682,19588500
2023-12-28,30.829130172729492,30.92847127168017,30.6635595691473,30.820849905652253,21421900
2024-01-02,31.276165008544922,31.367228993498816,30.96158435251782,30.994695945049433,24043800
2024-01-03,32.25302505493164,32.385480886775454,31.18509813431808,31.292719484564966,52300200
2024-01-04,31.97983741760254,32.57588710304166,31.880493171699147,32.38548203538786,45344900
2024-01-05,32.054344177246094,32.40203956559199,31.797709611088692,32.178519748228375,35783700
2024-01-08,31.81427001953125,31.81427001953125,31.13543339450116,31.77287815858972,35158100
2024-01-09,31.541078567504883,32.07918224251343,31.483129329642008,32.012952737529226,27279000
2024-01-10,31.251333236694336,31.68181555692761,31.052647874280247,31.541079433968317,27382000
2024-01-11,31.51624298095703,31.582472483627182,31.209939426098842,31.441736369451363,26564400
2024-01-12,31.59902572631836,32.06262275671574,31.59902572631836,31.872217679408706,24479500
2024-01-15,31.938444137573242,31.971555726735946,31.342391320699058,31.450012669967144,13818300
2024-01-16,31.541078567504883,32.112296995005536,31.524524349255447,31.96328376678768,31277700
2024-01-17,31.35895347595215,31.582473316362705,31.30928134763983,31.433460089422333,27577300
2024-01-18,31.234771728515625,31.574190010996855,31.094038782168024,31.574190010996855,22987200
2024-01-19,31.06920051574707,31.375507201034676,30.820846219078483,31.301000596234477,31745200
2024-01-22,31.20993423461914,31.30099820664471,30.820843866144795,31.04436366348138,22753700
2024-01-23,31.59902572631836,31.764596319888593,30.986418635503814,31.325836931224416,32498500
2024-01-24,31.35895347595215,31.90533425540131,31.267889486377857,31.69837179109486,25415300
2024-01-25,32.51793670654297,32.51793670654297,31.565911402392913,31.673529594603703,48655300
2024-01-26,33.080875396728516,33.18849674893802,32.211633787026955,32.36892410333609,41378200
2024-01-29,33.58586883544922,33.60242621174088,32.97326170264101,33.113994664125165,30547500
2024-01-30,33.378902435302734,33.726600980460184,33.15538261870071,33.254723706747306,34829000
2024-01-31,33.7431526184082,34.14052325622302,33.26300143120898,33.304393284899184,57978900
2024-02-01,34.41371536254883,34.67034993317079,33.6686492917085,33.759713273477466,61629200
2024-02-02,33.966670989990234,34.58755824322961,33.95839388279856,34.42199083542914,36485600
2024-02-05,34.11568832397461,34.50477872711992,33.883891398524426,33.95011773808322,27703000
2024-02-06,34.43027114868164,35.05943556769891,34.16535948193793,34.31437268923079,35474600
2024-02-07,34.93526840209961,34.93526840209961,34.28954329587046,34.372330185385444,30648100
2024-02-08,34.65379333496094,35.14222484612341,34.65379333496094,35.01804611220216,25589100
2024-02-09,34.1901969909668,35.04288445441511,34.1901969909668,34.88559096723715,30388000
2024-02-14,33.93355941772461,34.27297765665397,33.82593807621163,34.02462022885542,18315300
2024-02-15,35.018043518066406,35.018043518066406,33.81766075840535,33.95011659104405,33246400
2024-02-16,35.340904235839844,35.50647481530845,34.819361173808524,34.84419565543017,37268900
2024-02-19,35.51475524902344,35.54786683867673,35.23328620999542,35.398853632250365,12826700
2024-02-20,35.1422233581543,35.448526888728665,34.85247404393854,35.40713503183963,42375400
2024-02-21,35.19189453125,35.36574539388579,34.87731387275875,35.1422255630653,20873800
2024-02-22,34.926979064941406,35.3326268232412,34.60411817465999,35.32434655744131,32162800
2024-02-23,34.68690490722656,34.96837394139771,34.44682772790492,34.88558707370261,43924500
2024-02-26,35.340904235839844,35.374018983332796,34.62895611271828,34.68690534183287,25885700
2024-02-27,35.29124069213867,35.448531029890454,35.08427822551951,35.349189930152306,27678100
2024-02-28,33.469970703125,35.54787250011941,32.97326204126081,35.20017706841381,112322000
2024-02-29,33.229888916015625,34.140525548317704,32.98981172729993,33.602421940230286,61899800
2024-03-01,33.263004302978516,33.81766213790504,33.22988955396898,33.403737249274634,31248500
2024-03-04,33.18021774291992,33.73487553027906,33.13054562366549,33.33750805023162,21988000
2024-03-05,33.080875396728516,33.42029366939279,32.79112924616006,33.1967738569559,30293300
2024-03-06,33.809383392333984,33.809383392333984,33.20505346315957,33.279560065824704,45481000
2024-03-07,33.436851501464844,33.89216824059373,33.34578752203982,33.6438139427049,50199800
2024-03-08,30.38208770751953,30.680114135069548,29.057526158185713,29.719808511850776,230369800
2024-03-11,29.51284408569336,31.243050144664377,29.22309478590627,29.52939830122762,127528700
2024-03-12,30.481428146362305,30.82084642426817,29.935047426855395,30.092337745593543,76139100
2024-03-13,30.117177963256836,30.903635940240058,30.059228727289323,30.547660257584457,45140600
2024-03-14,29.984718322753906,30.564210609127215,29.926769094116576,30.415200562628446,39983400
2024-03-15,30.0675048828125,30.17512624248125,29.752921070394212,30.050947507632966,59362500
2024-03-18,30.084064483642578,30.398648319334104,29.388670464638313,30.14201372205988,35326100
2024-03-19,29.86054229736328,30.506264136513398,29.43834028514891,30.125453983065707,48540800
2024-03-20,30.38208770751953,30.415202456802046,29.645301904963272,29.992997298440752,39017900
2024-03-21,29.554235458374023,30.680111576101957,29.537678085113786,30.506260735867464,47220200
2024-03-22,29.843982696533203,29.984718795439683,29.330716738512987,29.71980712949401,34426800
2024-03-25,30.299301147460938,30.48970937880514,29.935048375577594,29.951605750389973,26951500
2024-03-26,30.017831802368164,30.357250087760214,29.943325195428628,30.357250087760214,24837800
2024-03-27,30.257905960083008,30.348969932532956,29.901930335776477,30.034386161704766,19995700
2024-03-28,30.928468704223633,31.060924544494547,30.191682895341902,30.216517378518844,31958200
2024-04-01,31.168548583984375,31.21821755461282,30.804292623393884,31.044369841420053,23697800
2024-04-02,31.971555709838867,31.9963933491929,31.267884702064595,31.309276556993183,45930700
2024-04-03,31.805984497070312,32.29441595466595,31.64041708066179,32.037784564435114,31437200
2024-04-04,31.44173240661621,32.68350700320293,30.986415686133633,31.847380164352824,165566800
2024-04-05,31.541078567504883,31.930169014295576,30.771177941044833,31.37551112103759,65469200
2024-04-08,31.97983741760254,32.33581307043241,31.234771363308333,31.48312566207432,36384400
2024-04-09,32.0626220703125,32.40204035876676,31.50796422542231,32.20335817713303,36989300
2024-04-10,32.774574279785156,32.89047274852657,32.00467369972128,32.06262293409198,55821500
2024-04-11,32.53449630737305,32.91530645510093,32.45171259108311,32.782850614239216,33195300
2024-04-12,32.23646545410156,33.15537910565692,32.03778329906014,32.88219035297598,39613500
2024-04-15,32.54277801513672,32.65867648627438,31.979839877042526,32.236471303705486,28692000
2024-04-16,32.69178771972656,32.87391251563296,32.244748100872755,32.29441706430352,37303000
2024-04-17,32.931861877441406,33.07259797638574,32.56760912616718,32.69178785123593,39221700
2024-04-18,32.989810943603516,33.60242114198088,32.824243521660144,33.11398966805719,45078800
2024-04-19,33.55274963378906,33.999789260396724,32.98153443845452,33.15538212946987,80546900
2024-04-22,34.35576629638672,34.430272903831266,33.54447388087739,33.743156062065296,51775500
2024-04-23,34.28953552246094,34.46338637203209,33.90872539101215,34.2729813063077,35456900
2024-04-24,34.13224411010742,34.76141167561874,34.11568673648911,34.39715577200815,45388300
2024-04-25,34.95181655883789,35.1670560987974,34.008068373330005,34.27298003389376,66372400
2024-04-26,35.445438385009766,35.5560700649002,34.95183890331304,35.13906674070493,31899100
2024-04-29,35.87095642089844,35.87095642089844,35.16459916269647,35.300763987040455,27886000
2024-04-30,35.76032257080078,35.9220172901036,35.41990887640732,35.74330156143855,36635400
2024-05-02,35.896484375,36.06669120785683,35.60713373307098,35.95605627953609,33244700
2024-05-03,35.439842224121094,36.15059296803312,35.048930162251196,36.15059296803312,45114200
2024-05-06,35.67972183227539,35.85741036850636,35.28880976386881,35.422073624196834,22977200
2024-05-07,36.11505889892578,36.11505889892578,35.537571998302575,35.670839248947,23808600
2024-05-08,36.665889739990234,36.71919731723603,35.81298883881895,35.84852383452257,25352000
2024-05-09,37.02126693725586,37.172303392567855,36.37270660356843,36.47932176818651,27206400
2024-05-10,36.941307067871094,37.39440961164698,36.87023029834638,37.1722997905726,27968700
2024-05-13,36.97684097290039,37.28779674670924,36.87911211224981,37.083456124042925,18394300
2024-05-14,36.31051254272461,36.6925417054971,35.67972146526376,36.212783679346494,53613200
2024-05-15,34.11606979370117,34.48032976385487,33.31647308403361,33.40531565660694,131281100
2024-05-16,33.12101745605469,34.338181790018815,33.085482458249906,34.027225988055385,83168500
2024-05-17,32.596839904785156,33.24540025091506,32.43692054391725,33.18320976492502,67207900
2024-05-20,32.650150299072266,33.08548712760937,32.54353851235755,32.63238110309855,40400400
2024-05-21,32.587955474853516,32.952215471063965,32.490226604555836,32.685684345151195,27967400
2024-05-22,33.032169342041016,33.28093123062044,32.34807075932105,32.42803042195394,36528800
2024-05-23,32.70344924926758,33.503042522128524,32.49022234302864,33.263163523532235,47987800
2024-05-24,32.52576446533203,33.04105751520615,32.49022607868496,32.934445744392036,23684700
2024-05-27,32.88113784790039,32.94333171849761,32.59683753571477,32.623493020007025,13623300
2024-05-28,33.583003997802734,34.01834073481374,33.23651322198116,33.26316531577455,46437700
2024-05-29,33.5385856628418,33.68961872646295,33.26316824261082,33.50304727523899,29246800
2024-05-31,34.46255874633789,34.55140131420602,33.67184836928073,33.698500461815826,53929400
2024-06-03,34.27599334716797,34.58694577850863,34.15160898550439,34.498103195019105,43454500
2024-06-04,33.893959045410156,34.142720953108,33.494160701519476,34.11606885989089,34090200
2024-06-05,33.93838119506836,34.14272182290104,33.82288313964054,33.99168538286052,18627100
2024-06-06,34.09830093383789,34.40037042831021,34.000572069578176,34.00945497127137,25944100
2024-06-07,32.818946838378906,34.17826128509276,32.747873456039585,33.956151457951016,46003600
2024-06-10,33.31647491455078,33.81400216002716,32.978867019794414,33.041057501838075,32560900
2024-06-11,33.458621978759766,33.760691458957616,33.31647183449765,33.59188922174847,31131300
2024-06-12,32.730587005615234,33.85450122607935,32.5386999770281,33.763127446472026,52182400
2024-06-13,32.401634216308594,33.06867253430933,31.84424512554037,32.80368719230461,46233500
2024-06-14,31.68890953063965,32.438185652778515,31.20462224053886,32.42904966939513,53534900
2024-06-17,31.807701110839844,32.10010140520865,31.314274306960066,31.44219900003561,40941800
2024-06-18,32.803688049316406,33.0229865095107,31.81683452138355,31.880796862747403,36180700
2024-06-19,32.83110046386719,33.00471204050224,32.50214927808601,32.80368902694752,20776200
2024-06-20,33.3519401550293,33.70830279349649,33.0778153166458,33.09609077062955,39442900
2024-06-21,33.525550842285156,33.7722642359348,33.242290027332345,33.39762615350823,43340200
2024-06-24,33.86363983154297,33.86363983154297,33.33366216341945,33.662613338711814,24599400
2024-06-25,33.83622360229492,33.91846139294014,33.58951023035927,33.8544990541812,18572600
2024-06-26,33.891048431396484,33.918459865148186,33.54382183256949,33.626059619510464,25553200
2024-06-27,34.457576751708984,34.68601468321438,34.101214136270364,34.27482570936743,37731000
2024-06-28,34.768253326416016,34.87790256022218,34.457577592559964,34.53981538933616,22019700
2024-07-01,35.2982292175293,35.417014429072665,34.88704025457039,35.00582895179988,24963500
2024-07-02,35.18857192993164,35.727685503364356,35.12460959797231,35.480975643341594,33346200
2024-07-03,34.57636642456055,35.44443128583302,34.50326461129342,35.362193488750655,38509400
2024-07-04,34.10121536254883,34.68601593052225,33.91846431363555,34.6311930558287,32698800
2024-07-05,34.28396224975586,34.40275093998277,33.90932421351954,34.2199999132535,32758800
2024-07-08,35.12461471557617,35.1977165260009,34.073802333367,34.24741390459646,48845900
2024-07-09,35.115478515625,35.36219189575818,34.969278381363054,35.13375396811851,34832500
2024-07-10,34.78652572631836,35.234265577397,34.70428793676049,35.170303239483765,32899700
2024-07-11,35.02410125732422,35.13375047569962,34.82307478556448,34.86876166941375,17229400
2024-07-12,34.85962677001953,35.188574435366256,34.85048730155423,35.115476116073395,15779100
2024-07-15,35.179443359375,35.38960584947331,34.90531852384182,34.99669230712408,22969200
